x,experiment_a,error_a,experiment_b,error_b,fit_a,theory,reference,scale_probe
-3.20,-2.38,0.20,-1.68,0.18,-2.34,-1.99,0.0,0.000001
-3.00,-2.20,0.18,-1.55,0.16,-2.16,-1.82,0.0,0.00001
-2.50,-1.72,0.15,-1.20,0.14,-1.78,-1.42,0.0,0.0001
-2.00,-1.31,0.14,-0.91,0.12,-1.35,-1.05,0.0,0.001
-1.50,-0.89,0.12,-0.61,0.11,-0.91,-0.71,0.0,0.01
-1.00,-0.51,0.10,-0.31,0.09,-0.50,-0.41,0.0,0.1
-0.50,-0.18,0.09,-0.10,0.08,-0.19,-0.18,0.0,1.0
-0.10,-0.05,0.08,-0.03,0.08,-0.04,-0.04,0.0,10.0
-0.05,-0.02,0.08,-0.01,0.08,-0.02,-0.02,0.0,100.0
0.00,0.01,0.08,0.00,0.08,0.00,0.00,0.0,1000.0
0.03,0.02,0.08,0.01,0.08,0.01,0.01,0.0,10000.0
0.08,0.04,0.08,0.02,0.08,0.03,0.03,0.0,100000.0
0.50,0.20,0.09,0.12,0.08,0.19,0.18,0.0,1000000.0
1.00,0.49,0.10,0.32,0.09,0.50,0.41,0.0,100000.0
1.50,0.93,0.12,0.62,0.11,0.91,0.71,0.0,10000.0
2.00,1.32,0.14,0.89,0.12,1.35,1.05,0.0,1000.0
2.50,1.81,0.15,1.18,0.14,1.78,1.42,0.0,100.0
3.00,2.13,0.18,1.57,0.16,2.16,1.82,0.0,10.0
3.20,2.36,0.20,1.69,0.18,2.34,1.99,0.0,1.0
